<?xml version="1.0" encoding="UTF-8"?>
<!--

    Licensed to the Apache Software Foundation (ASF) under one or more
    contributor license agreements. See the NOTICE file distributed with
    this work for additional information regarding copyright ownership. The
    ASF licenses this file to You under the Apache License, Version 2.0 (the
    "License"); you may not use this file except in compliance with the
    License. You may obtain a copy of the License at

    http://www.apache.org/licenses/LICENSE-2.0 Unless required by applicable
    law or agreed to in writing, software distributed under the License is
    distributed on an "AS IS" BASIS, WITHOUT WARRANTIES OR CONDITIONS OF ANY
    KIND, either express or implied. See the License for the specific
    language governing permissions and limitations under the License.
-->
<webservices xmlns="http://java.sun.com/xml/ns/j2ee" xmlns:xsi="http://www.w3.org/2001/XMLSchema-instance"
    xsi:schemaLocation="http://java.sun.com/xml/ns/j2ee
http://www.ibm.com/webservices/xsd/j2ee_web_services_1_1.xsd"
    xmlns:ger="http://ciaows.org/wsdl" version="1.1">

    <webservice-description>
        <webservice-description-name>CalculatorWsService</webservice-description-name>
        <port-component>
            <port-component-name>CalculatorImplTimestamp1way</port-component-name>
            <wsdl-port>CalculatorImplTimestamp1way</wsdl-port>
            <service-endpoint-interface>org.superbiz.calculator.CalculatorWs</service-endpoint-interface>
            <service-impl-bean>
                <ejb-link>CalculatorImplTimestamp1way</ejb-link>
            </service-impl-bean>
        </port-component>
        <port-component>
            <port-component-name>CalculatorImplTimestamp2ways</port-component-name>
            <wsdl-port>CalculatorImplTimestamp2ways</wsdl-port>
            <service-endpoint-interface>org.superbiz.calculator.CalculatorWs</service-endpoint-interface>
            <service-impl-bean>
                <ejb-link>CalculatorImplTimestamp2ways</ejb-link>
            </service-impl-bean>
        </port-component>
        <port-component>
            <port-component-name>CalculatorImplUsernameTokenPlainPassword</port-component-name>
            <wsdl-port>CalculatorImplUsernameTokenPlainPassword</wsdl-port>
            <service-endpoint-interface>org.superbiz.calculator.CalculatorWs</service-endpoint-interface>
            <service-impl-bean>
                <ejb-link>CalculatorImplUsernameTokenPlainPassword</ejb-link>
            </service-impl-bean>
        </port-component>
        <port-component>
            <port-component-name>CalculatorImplUsernameTokenHashedPassword</port-component-name>
            <wsdl-port>CalculatorImplUsernameTokenHashedPassword</wsdl-port>
            <service-endpoint-interface>org.superbiz.calculator.CalculatorWs</service-endpoint-interface>
            <service-impl-bean>
                <ejb-link>CalculatorImplUsernameTokenHashedPassword</ejb-link>
            </service-impl-bean>
        </port-component>
        <port-component>
            <port-component-name>CalculatorImplUsernameTokenPlainPasswordEncrypt</port-component-name>
            <wsdl-port>CalculatorImplUsernameTokenPlainPasswordEncrypt</wsdl-port>
            <service-endpoint-interface>org.superbiz.calculator.CalculatorWs</service-endpoint-interface>
            <service-impl-bean>
                <ejb-link>CalculatorImplUsernameTokenPlainPasswordEncrypt</ejb-link>
            </service-impl-bean>
        </port-component>
    </webservice-description>

</webservices>
