<?xml version="1.0" encoding="UTF-8"?>
<!--

    Licensed to the Apache Software Foundation (ASF) under one or more
    contributor license agreements.  See the NOTICE file distributed with
    this work for additional information regarding copyright ownership.
    The ASF licenses this file to You under the Apache License, Version 2.0
    (the "License"); you may not use this file except in compliance with
    the License.  You may obtain a copy of the License at

       http://www.apache.org/licenses/LICENSE-2.0

    Unless required by applicable law or agreed to in writing, software
    distributed under the License is distributed on an "AS IS" BASIS,
    WITHOUT WARRANTIES OR CONDITIONS OF ANY KIND, either express or implied.
    See the License for the specific language governing permissions and
    limitations under the License.
-->
<ejb-jar xmlns="http://java.sun.com/xml/ns/javaee"
         xmlns:xsi="http://www.w3.org/2001/XMLSchema-instance"
         xsi:schemaLocation="http://java.sun.com/xml/ns/javaee http://java.sun.com/xml/ns/javaee/ejb-jar_3_0.xsd"
         version="3.0">
    <enterprise-beans>
        <!-- Configure the message driven bean that will listen to the ChatBean queue -->
        <message-driven>
            <ejb-name>ChatBean</ejb-name>
            <ejb-class>org.superbiz.mdb.ChatBean</ejb-class>
            <messaging-type>javax.jms.MessageListener</messaging-type>
            <transaction-type>Container</transaction-type>
            <message-destination-type>javax.jms.Queue</message-destination-type>
            <message-destination-link>ChatBean</message-destination-link>

            <!-- Allow the connection factory to be looked up via java:comp/env/ConnectionFactory -->
            <resource-ref>
                <res-ref-name>ConnectionFactory</res-ref-name>
                <res-type>javax.jms.ConnectionFactory</res-type>
            </resource-ref>

            <!-- Allow the reply queue to looked up via java:comp/env/AnswerQueue -->
            <resource-ref>
                <res-ref-name>AnswerQueue</res-ref-name>
                <res-type>javax.jms.Queue</res-type>
            </resource-ref>
        </message-driven>

        <!-- Configure the session bean that will be sending message to the ChatBean queue,
             and listening for the answer -->
        <session>
            <ejb-name>MessagingClientBean</ejb-name>
            <business-local>org.superbiz.mdb.MessagingClientLocal</business-local>
            <ejb-class>org.superbiz.mdb.MessagingClientBean</ejb-class>
            <transaction-type>Container</transaction-type>

            <!-- Allow the connection factory to looked up via java:comp/env/ConnectionFactory -->
            <resource-ref>
                <res-ref-name>ConnectionFactory</res-ref-name>
                <res-type>javax.jms.ConnectionFactory</res-type>
            </resource-ref>

            <!-- Allow the reply queue to looked up via java:comp/env/AnswerQueue -->
            <resource-ref>
                <res-ref-name>AnswerQueue</res-ref-name>
                <res-type>javax.jms.Queue</res-type>
            </resource-ref>

            <!-- Allow the destination queue to looked up via java:comp/env/ChatBean -->
            <resource-ref>
                <res-ref-name>ChatBean</res-ref-name>
                <res-type>javax.jms.Queue</res-type>
            </resource-ref>
        </session>
    </enterprise-beans>

    <!-- define the JMS queues that we need -->
    <assembly-descriptor>
        <message-destination>
            <message-destination-name>AnswerQueue</message-destination-name>
        </message-destination>
        <message-destination>
            <message-destination-name>ChatBean</message-destination-name>
        </message-destination>
    </assembly-descriptor>
</ejb-jar>
